coordinate	score
hg38:chr9:127578816:C:T	0.00044179413988254404
hg38:chr9:127578974:A:G	0.0002785754355591435
hg38:chr9:127579080:A:G	-0.0002989917763538807
hg38:chr9:127717702:G:A	0.0005627364331796988
hg38:chr9:127732678:T:C	-0.0002370497751002785
hg38:chr9:127741791:G:A	0.0017629879642396037
hg38:chr9:127749702:C:T	-0.0004893833199452743
hg38:chr9:127762538:C:T	-0.0011169986621225251
hg38:chr9:127774438:G:A	0.11040727940498012
hg38:chr9:127816125:A:G	-0.0022054893457928897
hg38:chr9:127817320:C:T	-0.00014567368494394385
hg38:chr9:127824409:G:A	-0.0006137447243121539
hg38:chr9:127843106:C:T	-0.00040530840706290633
hg38:chr9:127868151:A:G	-0.0019406000330629619
hg38:chr9:127868360:A:G	-0.0015640245796446784
hg38:chr9:127872665:T:C	4.9689046282318125e-05
hg38:chr9:127886832:G:A	-0.00046805652452670804
hg38:chr9:127908624:C:A	0.0006846095326007416
hg38:chr9:127909827:A:G	-0.00027174508145528885
hg38:chr9:127909942:C:T	0.0005992790852760897
hg38:chr9:127912441:C:T	-0.0009373232189333111
hg38:chr9:127935750:G:C	0.0002985469876199324
hg38:chr9:127935764:A:G	0.0006742060192042464
hg38:chr9:127937721:G:C	-0.0006956546993814898
hg38:chr9:127944802:A:G	0.0007493069112709863
hg38:chr9:127948447:A:G	-0.00015102403862257861
hg38:chr9:127948512:T:C	0.0008494466936526361
hg38:chr9:127950534:G:A	0.0010477691324713302
hg38:chr9:127953643:A:G	-0.0007441596545771209
hg38:chr9:128066760:A:G	-0.0006166267573477374
hg38:chr9:128098587:T:C	8.480687252917481e-05
hg38:chr9:128098760:A:G	-0.0011251884137628294
hg38:chr9:128102397:T:C	-0.00017594906836951408
hg38:chr9:128106012:C:G	-0.00016610035446027613
hg38:chr9:128106033:G:C	-5.395890918830313e-05
hg38:chr9:128106552:T:C	-0.0014035999775790162
hg38:chr9:128107220:A:T	0.0015423986755811342
hg38:chr9:128121232:C:T	0.000790528075052337
hg38:chr9:128127426:G:A	-0.0015496053459848327
hg38:chr9:128151891:C:G	-0.19177848554130522
hg38:chr9:128152155:A:G	0.000971059123351801
hg38:chr9:128176382:C:T	-0.0014688970291984965
hg38:chr9:128178543:C:T	-0.0028463588349659195
hg38:chr9:128180693:T:C	0.0006643233539706293
hg38:chr9:128218785:C:T	0.00010015573976885686
hg38:chr9:128220137:C:T	0.0015836077998665325
hg38:chr9:128222151:C:A	0.0016449619495162906
hg38:chr9:128222476:C:T	0.0053550616674056355
hg38:chr9:128253000:G:A	-0.0009452926908810256
hg38:chr9:128273819:G:C	0.0018370187724389875
hg38:chr9:128323094:G:C	0.0004015747745105117
hg38:chr9:128431386:A:C	-0.001309066780361063
hg38:chr9:128469157:A:G	0.0007609613852286426
hg38:chr9:128473042:A:G	0.001724101940632089
hg38:chr9:128481739:G:T	0.0014382569914678754
hg38:chr9:128575110:C:T	-0.002325869432657213
hg38:chr9:128575382:A:C	-0.00012881808485147678
hg38:chr9:128578360:T:C	0.00014718384709065525
hg38:chr9:128583939:A:C	-0.0026086075901307344
hg38:chr9:128584200:A:G	0.0009516292467267822
hg38:chr9:128584886:G:A	-7.902366320893584e-05
hg38:chr9:128584890:C:T	-0.0021567252137783205
hg38:chr9:128587494:G:A	-0.0005393886406058378
hg38:chr9:128598471:C:T	0.0021897988020054705
hg38:chr9:128603791:G:A	-0.0009079315573888701
hg38:chr9:128609393:G:T	0.0010410062895079516
hg38:chr9:128611886:C:G	-0.002046538469575739
hg38:chr9:128613422:A:G	-1.7600241459686254e-05
hg38:chr9:128617688:C:T	0.00032672150952154933
hg38:chr9:128617870:C:G	0.0013370204408635633
hg38:chr9:128626364:C:T	0.0005784640994653081
hg38:chr9:128630274:G:A	-0.00027468914210205164
hg38:chr9:128635200:G:A	-0.00010294564248417281
hg38:chr9:128636357:C:T	-0.0011785647252807797
hg38:chr9:128640817:A:G	-0.00039702825400286465
hg38:chr9:128691841:C:T	3.3015476766665455e-05
hg38:chr9:128693624:C:T	-0.0018226899178179783
hg38:chr9:128713672:T:C	0.0011910311461975245
hg38:chr9:128713926:T:C	0.00018639440550809357
hg38:chr9:128715265:G:A	0.0018458568448370056
hg38:chr9:128716744:T:C	0.0002729031762776814
hg38:chr9:128720188:T:C	-0.0004143888660619097
hg38:chr9:128721272:T:A	0.0002285276808762585
hg38:chr9:128721470:T:A	0.0010113553942891415
hg38:chr9:128739833:A:G	-0.0001377332976700264
hg38:chr9:128788443:C:G	0.0017372933117281674
hg38:chr9:128791489:A:G	0.0002407142738773872
hg38:chr9:128803275:T:C	0.0010284627335558844
hg38:chr9:128805716:G:A	-4.2357959168589614e-05
hg38:chr9:128824095:G:A	0.00014660420200191725
hg38:chr9:128826373:T:C	0.00014076381241191256
hg38:chr9:128826534:C:G	-0.00038595025294794734
hg38:chr9:128826609:G:C	-0.000250302988061649
hg38:chr9:128826955:C:G	0.00016008032155984483
hg38:chr9:128836775:G:T	0.0005563502760155988
hg38:chr9:128908640:T:C	-0.020247182273102432
hg38:chr9:128927082:G:A	0.0008444510945491497
hg38:chr9:128937930:C:T	-0.00014491552789916177
hg38:chr9:128940612:A:G	-0.0007583182910223974
